country_code,country_name,2013,2012,2011,2010,2009,2008,2007,2006,2005,2004,2003,2002,2001,2000,1999,1998,1997,1996,1995,1994,1993,1992,1991,1990,1989,1988,1987,1986,1985,1984,1983,1982,1981,1980,1979,1978,1977,1976,1975,1974,1973,1972,1971,1970,1969,1968,1967,1966,1965,1964,1963,1962,1961
ABW,Aruba,,,,,,,,,,,,,,,,,,,1.12,,,,,,,,,,,,,,,,,,,,,,,,,,,,,,,,,,
AGO,Angola,,,,,0.166,,,,,0.08,,,,,,,0.077,,,,,,,0.042100001,,,,,,0.0594,,,,,,,,,,,,,,0.116300002,,,,,0.076061778,,,,
ALB,Albania,,1.145,1.113,1.153,,,1.146,1.15,,,,1.305,,1.389,1.282,1.289,1.295,1.354,1.306,1.315399051,1.425400019,1.650099993,1.470299959,1.37409997,1.403300047,,,,1.406299949,1.406599998,1.414800048,,,1.366799951,,,1.036499977,,,,,0.845499992,0.910899997,0.739499986,,,,,0.481283426,,,,
ANR,Andean Region,,,,,,,,,,,,,,,,,,,,,,,,,,,,,,,,,,,,,,,,,,,,,,,,,,,,,
ARB,Arab World,,,,1.380235757,,,,,,,,,,1.185741567,,,,,,,,,,0.716390398,,,,,,,,,,,,,,,,,,,,,,,,,,,,,
ARE,United Arab Emirates,,,,1.93,,,1.93,,1.545,,,1.69,2.023,,,,1.81,,,,,0.839999974,,0.827499986,,,,,,0.953199983,,,,1.068099976,,,,,,,,,,0.909099996,,,,,,,,,
ARG,Argentina,,,,3.21,,,,,3.21,3.155,,,,,,3.01,,,2.68,,,2.684000015,,2.680000067,,3.032000065,,2.984400034,2.704999924,2.683300018,,,,,,,,,1.869300008,,,,,1.892199993,,,,,1.666651726,,,,
ARM,Armenia,,2.687,2.845,3.762,,,3.697,3.7,,,3.588,,3.526,2.987,3.051,3.156,3.156,3.591,3.042,3.122100115,3.345499992,3.596999884,3.701499939,3.924400091,3.881200075,3.762700081,3.735500097,3.673899889,3.577199936,3.50090003,3.453500032,3.405800104,3.277899981,3.210500002,,,,,,,,,,,,,,,,,,,
ASM,American Samoa,,,,,,,,,,,,,,,0.781,,,,,,,,,,,,,,,0.772300005,,,,,,,,,,,,,,,,,,,,,,,
ATG,Antigua and Barbuda,,,,,,,,,,,,,,,0.169,,,1.141,0.76,,3.030299902,,0.918500006,0.759999991,,,,,,,,,,,,,,,,,,,,0.349299997,,,,,,,,,
AUS,Australia,,,3.273,3.851,,,,0.963,,,,2.5,2.47,2.5,2.4,2.4,2.4,2.4,2.4,2.4,2.4,2.4,2.3,2.2,2.1,2.1,2.1,2.0,1.9,1.8,,,1.8,,,,,1.5,,,,,1.2,,,,,1.2,,,,,1.1
AUT,Austria,,,4.83,4.862,,,3.794,3.66,,,3.4,3.3,3.3,3.2,3.1,3.1,2.9,2.8,2.7,2.6,2.5,2.4,2.3,2.2,2.2,2.1,2.0,1.9,1.9,1.8,1.8,1.7,1.7,1.6,1.6,1.5,1.5,1.5,1.5,1.4,1.4,1.4,1.4,1.4,1.4,1.4,1.4,1.4,1.4,1.4,1.4,1.4,1.4
AZE,Azerbaijan,,3.432,3.379,3.782,,,3.794,3.63,,,3.547,,3.536,3.607,3.521,3.602,3.831,3.899,3.925,3.896100044,3.927700043,3.881299973,3.916399956,3.917200089,3.989900112,3.963500023,3.906199932,3.877199888,3.799499989,,,,,3.362099886,,,,,,,,,,,,,,,,,,,
BDI,Burundi,,,,,,,,,,0.028,,,,0.052,,,,,0.055,,0.056499999,,0.058699999,0.0581,,,,0.057999998,,0.0469,,,,,,,,,0.0122,,,,,0.017100001,,,,,0.017429193,,,,
BEL,Belgium,,,2.993,3.782,,2.987,,4.23,,,,3.9,3.9,3.9,3.8,3.7,3.7,3.6,3.5,3.5,3.4,3.4,3.3,3.3,3.2,3.1,3.0,2.9,2.8,2.7,2.8,2.5,2.4,2.3,2.2,2.1,2.0,1.9,1.9,1.8,1.7,1.6,1.5,,1.6,1.6,1.5,1.5,1.5,1.4,1.4,1.4,1.3
BEN,Benin,,,,0.059,,0.059,,,,0.04,,,,,,,,,0.058,0.060800001,0.057,0.055100001,0.042199999,0.050500002,0.070799999,,,,0.0735,,0.075000003,,0.059,0.059,,,,,,,,,,0.034400001,,,,,0.029629629,,,,
BFA,Burkina Faso,,,,0.047,,0.064,,,,0.05,,,0.04,,,,0.038,0.035,0.034,,,,,,0.028999999,,,0.0038,,,0.0175,,0.017899999,0.018200001,,,,,,,,,,0.0103,,,,,0.013521458,,,,
BGD,Bangladesh,,,0.356,0.295,,,0.295,,0.3,0.257,,,0.231,,,,0.2,,0.201,,,,0.1884,0.176699996,,,,0.144099995,0.153899997,,,,,0.120499998,,,,,,,,,,0.118699998,,,,,0.123074822,,,,
BGR,Bulgaria,,,3.812,3.76,,3.635,3.665,3.66,,,3.562,,3.384,3.399,3.463,3.449,3.447,3.539,3.458,3.327300072,3.358799934,3.166100025,2.979300022,3.16960001,3.138999939,3.089699984,3.021500111,2.952899933,2.864700079,2.758500099,2.6875,2.58829999,2.484299898,2.459599972,2.407599926,2.320600033,2.2579,2.204900026,2.152100086,2.101500034,2.041599989,1.984899998,1.895799994,1.863299966,,,,,1.666625977,,,,
BHR,Bahrain,,,0.913,1.489,,1.442,2.965,,2.72,1.087,,,1.596,,,,1.0,,,,0.109899998,,1.315000057,,,,,,1.218799949,,,,,1.086799979,,,,,,,,,,0.428600013,,,,,,,,,
BHS,"Bahamas, The",,,,,,2.818,,,,,,,,,,1.05,,1.518,1.49,,1.445700049,,,1.290099978,,,,,,0.943199992,,,,0.93809998,,,,,,,,,,0.760200024,,,,,,,,,
BIH,Bosnia and Herzegovina,,,,1.694,,,,,1.4179,,1.34,,1.338,1.422,1.401,1.427,,,,,,,1.555199981,1.570299983,1.556599975,1.520099998,1.484799981,1.41869998,1.362100005,1.280300021,1.207000017,1.17019999,1.089100003,1.032699943,,,,,,,,,,,,,,,,,,,
BLR,Belarus,,,3.756,5.178,,4.98,4.869,4.78,4.68,4.622401812,4.55,4.52589255,4.497,4.579,4.551,4.431,4.365,4.286,4.155,4.142499924,4.076200008,3.638200045,3.576400042,3.560400009,3.576200008,3.512399912,3.4454,3.375200033,3.328500032,,,,,2.961600065,,,,,,,,,,,,,,,,,,,
BLZ,Belize,,,,0.828,0.828,,,,,,,,,1.05,,,,0.548,0.6,,0.492700011,,,0.639199972,,0.471599996,,0.450700015,,0.271899998,,,,,,,,,,,,,,0.341800004,,,,,,,,,
BMU,Bermuda,,,,,,,,,,,,,,,,,1.766,,1.2,,,,,,,,,,,,,,,,,,,,,,,,,,,,,,,,,,
BOL,Bolivia,,,0.473,,,,,,,,,,1.218,,,,1.299,,0.34,,0.425900012,,,0.449999988,,,,,,0.69749999,,,0.523299992,,,,,,0.490200013,,,,,0.50880003,,,,,0.310565621,,,,
BRA,Brazil,1891,,,1.764,,1.764,1.72,1.694,,,,,,1.15,1.396,,1.308,1.272,1.31,,,,,1.360000014,,1.185299993,,,1.466899991,0.926699996,,,0.767099977,,,,,,0.62440002,,,,,0.492199987,,,,,0.399831623,,,,
BRB,Barbados,,,,1.811,,,,,1.811,,,,,,1.21,,,,1.28,,1.253999949,,,1.139500022,,,,,,0.890699983,,,,,,,,,,,,,,0.522599995,,,,,,,,,
BRN,Brunei Darussalam,,,1.498,1.36,,1.417,,,,,,1.14,,1.006,,,,0.848,,,,,0.746200025,,,,,,,0.533800006,,,0.486799985,0.435200006,,,,,,,,,,0.300000012,,,,,,,,,
BTN,Bhutan,,0.259,,0.023,,0.074,0.023,,,0.051,,,,,0.051,,,,0.16,0.170399994,,,,0.333299995,,,,,,,,0.102499999,0.124600001,,,,,,,,,,,,,,,,,,,,
BWA,Botswana,,,,0.336,,,,0.336,,0.4,,,,,0.288,,,,,0.238000006,0.194100007,,,,0.194100007,0.200499997,,,,,0.143900007,,0.134200007,0.122500002,,,,,0.133100003,,,,,0.064400002,,,,,0.036416605,,,,
CAA,Sub-Saharan Africa (IFC classification),,,,,,,,,,,,,,,,,,,,,,,,,,,,,,,,,,,,,,,,,,,,,,,,,,,,,
CAF,Central African Republic,,,,,0.048,,,,,0.08,,,,,,,,,0.035,,0.055199999,,,0.038400002,0.039000001,,,,,,,0.042599998,0.0438,0.042800002,,,,,,,,,,0.022700001,,,,,0.030411448,,,,
CAN,Canada,,,,2.068,,1.975,,1.9132,,,2.1,2.1,2.1,2.1,2.1,2.1,2.1,2.1,2.1,2.1,2.2,2.1,2.1,2.1,2.1,2.1,2.1,2.0,2.0,1.9,1.9,1.9,1.8,1.8,1.8,1.8,1.7,1.7,1.7,1.6,1.6,1.6,1.5,1.4,1.4,1.3,1.3,1.3,1.3,1.3,1.3,1.2,1.1
CEA,East Asia and the Pacific (IFC classification),,,,,,,,,,,,,,,,,,,,,,,,,,,,,,,,,,,,,,,,,,,,,,,,,,,,,
CEB,Central Europe and the Baltics,,,,2.729484935,,,,,,,,,,2.590575613,,,,,,,,,,2.388947733,,,,,,,,,,,,,,,,,,,,,,,,,,,,,
CEU,Europe and Central Asia (IFC classification),,,,,,,,,,,,,,,,,,,,,,,,,,,,,,,,,,,,,,,,,,,,,,,,,,,,,
CHE,Switzerland,,,3.938,4.082,,,,3.97,,,,3.6,3.5,3.5,3.4,3.3,3.3,3.2,3.2,3.1,3.1,3.0,3.0,3.0,2.9,3.0,2.9,2.8,2.7,2.6,2.6,2.6,2.6,2.5,2.4,2.2,2.1,2.0,1.9,1.8,1.7,1.6,1.6,1.5,1.5,1.4,1.4,1.4,1.4,1.4,1.4,1.4,1.4
CHI,Channel Islands,,,,,,,,,,,,,,,,,,,,,,,,,,,,,,,,,1.522400022,1.457399964,,,,,,,,,,1.200000048,,,,,,,,,
CHL,Chile,,,,1.026,1.024,,,1.283697047,,,1.09,,,,,1.153,,,1.08,1.103000045,,,1.066300035,1.100000024,,,,,,0.816799998,,,,,0.51639998,,,,,,,,,0.463499993,,,,,0.472701818,,,,
CHN,China,,1.94,1.83,1.8,1.75,1.66,1.61,1.6,1.56,,1.42,1.642,1.055,1.68,1.67,1.61,1.61,1.59,1.59,1.580000043,1.549999952,1.549999952,1.549999952,1.56,1.539999962,1.470000029,1.370000005,1.350000024,1.340000033,1.330000043,1.320000052,1.299999952,1.25,1.179999948,1.120000005,1.080000043,1.029999971,1.0,0.959999979,0.920000017,0.889999986,0.860000014,0.850000024,0.860000014,0.879999995,0.910000026,0.939999998,0.959999979,1.070000052,,,,
CIV,Cote d'Ivoire,,,,0.144,,0.144,,,,0.12,,,,,,,,0.09,,,,,,0.087700002,,,,,0.070600003,,,,,,,,,,,,,,,0.064400002,,,,,0.048155513,,,,
CLA,Latin America and the Caribbean (IFC classification),,,,,,,,,,,,,,,,,,,,,,,,,,,,,,,,,,,,,,,,,,,,,,,,,,,,,
CME,Middle East and North Africa (IFC classification),,,,,,,,,,,,,,,,,,,,,,,,,,,,,,,,,,,,,,,,,,,,,,,,,,,,,
CMR,Cameroon,,,,,0.077,,,,,0.19,,,,,,,,0.074,,,0.072899997,0.083700001,,0.082400002,0.083800003,,,,,,,,,,0.071099997,,,,0.071999997,,,,,0.034000002,,,,,0.037062224,,,,
COG,"Congo, Rep.",,,,0.095,,,0.095,,,0.2,,,,,,,,,0.251,,,,,0.27610001,,,,0.252499998,0.252099991,,,0.118900001,,,,0.173800007,,,,,,,,0.100599997,,,,,0.067506753,,,,
COL,Colombia,,,,1.471,,1.43,1.42,1.41,1.39,1.38,1.37,1.35,1.34,1.32,1.088,1.27,1.16,,0.99,,0.904999971,,,1.090000033,,0.873099983,,0.807799995,,0.758400023,,,,,,,0.478399992,,,,,,,0.419699997,,,,,0.377469242,,,,
COM,Comoros,,,,,,,,,,0.146,,,,,,,0.074,,,,,0.127499998,,0.113399997,,0.163499996,,,,0.083899997,,,,,,,,,,,,,,,,,,,,,,,
CPV,Cabo Verde,,,,0.295,,0.572,,,,0.49,,,,,,,,0.171,,,,0.233799994,,,,0.341500014,,0.32949999,,,0.199900001,,,0.176499993,,,,,,,,,,0.082400002,,,,,,,,,
CRI,Costa Rica,1113,,,,,,,,,,,,,1.325,1.719,0.901,0.872,0.864,0.854,0.845399976,0.882600009,,,1.259999991,,0.880599976,0.967800021,,,0.989600003,,,,,0.679499984,,,,,,,,,0.614300013,,,,,0.517096996,,,,
CSA,South Asia (IFC classification),,,,,,,,,,,,,,,,,,,,,,,,,,,,,,,,,,,,,,,,,,,,,,,,,,,,,
CSS,Caribbean small states,,,,0.801779681,,,,,,,,,,,,,,,,,,,,0.616995556,,,,,,,,,,,,,,,,,,,,,,,,,,,,,
CUB,Cuba,,,,6.723,,,6.399,,,,,5.91,,5.897,,,5.304,,5.18,,,,,3.641400099,,2.999900103,,,,1.886100054,,,1.387899995,,,,,,,,,,,0.82160002,,,,,0.875806034,,,,
CUW,Curacao,,,,,,,,,,,,,,,,,,,,,,,,,,,,,,,,,,,,,,,,,,,,,,,,,,,,,
CYM,Cayman Islands,,,,,,,,,,,,,,,,,1.939,,1.7,,,,,1.700000048,,,,,,,,,,,,,,,,,,,,,,,,,,,,,
CYP,Cyprus,,,2.286,2.753,,2.584,,2.3,,,,2.342,,2.983,2.119,,,2.55,,,,,,1.760599971,,,1.380300045,1.393000007,,,,,0.972500026,0.916499972,,,,,,,,,,0.801599979,,,,,,,,,
CZE,Czech Republic,,,3.624,3.708,,3.625,3.61,3.58,,,3.5,3.5,3.4,3.4,3.1,3.0,3.1,3.0,3.0,2.9,2.9,2.7,2.7,2.7,2.7,2.7,2.6,2.6,2.6,2.5,2.5,2.4,2.3,2.3,2.2,2.1,2.1,2.1,2.0,2.0,1.9,1.9,1.9,1.8,,,,,,,,,
DEU,Germany,,,3.806,3.689,,3.531,3.483,3.44,,,3.4,3.3,3.3,3.3,3.2,3.2,3.1,3.1,3.1,3.0,2.9,2.8,2.8,,,,,,,,,,,,,,,,,,,,,,,,,,,,,,
DJI,Djibouti,,,,0.229,,,,0.229,0.18,0.181,,,,,0.133,,,0.14,0.191,,,,,0.162499994,,,,,,0.238499999,,,0.223700002,,,,,,,,,,,0.283899993,,,,,,,,,
DMA,Dominica,,,,,,,,,,,,,1.59,,,,0.5,0.493,0.47,,,,0.527800024,0.460000008,,,,,,0.33860001,,,,,,,,,,,,,,0.160799995,,,,,,,,,
DNK,Denmark,,,,3.424,3.424,,3.419,3.163,,3.59,,2.9,2.8,2.8,2.8,2.8,2.7,2.6,2.6,2.6,2.6,2.6,2.4,2.5,2.5,2.4,2.3,2.3,2.3,2.3,2.1,2.0,1.8,1.8,,,,,,,,,,,,,,,,,,,
AND,Andorra,,,,3.912,3.912,,3.716,3.64,,,3.697,,2.594,2.549,2.594,2.47,2.435,,2.231,,,,,,,,,,,,,,,,,,,,,,,,,,,,,,,,,,
AFG,Afghanistan,,,0.234,0.194,,,,,0.2,,,,0.186,,,,0.11,,,,0.142800003,,,0.109200001,0.129199997,,0.179000005,0.1831,,,,,0.077,,,,,,,,,,,0.064900003,,,,,0.063427798,,,,
DOM,Dominican Republic,,,1.49,,,,,,,,,,,1.876,,,2.156,,1.5,,1.053900003,,,1.49000001,,1.073899984,,,,0.564400017,,,,,,,,,0.435000002,,,,,,,,,,0.588281631,,,,
DZA,Algeria,,,,1.207,,,1.207,,,,,1.13,,,,1.0,,,0.846,,0.82099998,,,0.941600025,,0.428799987,,,,0.427100003,,,,,0.380100012,,,,,,,,,0.123499997,,,,,0.116413653,,,,
EAP,East Asia & Pacific (developing only),,,,1.54416706,,,,,,,,,,1.289926265,,,,,,,,,,1.178634946,,,,,,,,,,,,,,,,,,,,,,,,,,,,,
EAS,East Asia & Pacific (all income levels),,,,1.627273813,,,,,,,,,,1.342859963,,,,,,,,,,1.215764355,,,,,,,,,,,,,,,,,,,,,,,,,,,,,
ECA,Europe & Central Asia (developing only),,,,2.608157596,,,,,,,,,,2.550516416,,,,,,,,,,2.848032486,,,,,,,,,,,,,,,,,,,,,,,,,,,,,
ECS,Europe & Central Asia (all income levels),,,,3.336349947,,,,,,,,,,3.147692788,,,,,,,,,,2.964308806,,,,,,,,,,,,,,,,,,,,,,,,,,,,,
ECU,Ecuador,,,,1.687,1.687,,,,,,,,,1.48,1.397,,1.696,1.325,1.33,,,,,1.533200026,,,,,,1.244300008,,,,,,,0.637000024,,0.351200014,,,,,0.348399997,,,,,0.334564537,,,,
EGY,"Egypt, Arab Rep.",,,,2.83,2.83,,,,2.43,,,,,2.118,,,1.6,2.02,,1.840000033,,,,0.759500027,,,,1.303599954,,,,1.365399957,1.363800049,1.065400004,,,,,0.535899997,,,,,0.52700001,,,,,0.434788525,,,,
EMU,Euro area,,,,3.686800762,,,,,,,,,,3.459918665,,,,,,,,,,2.869674581,,,,,,,,,,,,,,,,,,,,,,,,,,,,,
ERI,Eritrea,,,,,,,,,,0.05,,,,,,,,0.03,,,0.0189,,,,,,,,,,,,,,,,,,,,,,,,,,,,,,,,
ESP,Spain,,3.695,3.961,3.957,,,3.757,,,,3.3,2.9,3.1,3.2,2.9,2.8,2.9,2.8,2.5,,,,,,,,,,,,,,,,,,,,,,,,,,,,,,,,,,
EST,Estonia,,,3.261,3.343,,3.409,,3.33,,,,,3.16,4.475,3.206,3.11,3.114,3.148,3.191,3.200000048,3.20720005,3.263999939,3.53550005,3.503799915,3.490099907,3.485399961,3.483999968,3.407999992,3.350199938,,,,,2.937999964,,,,,,,,,,,,,,,,,,,
ETH,Ethiopia,,,,0.022,0.025,,0.022,,,,0.03,0.029,0.028,0.021,0.02,0.021,0.023,0.025,,0.0285,,,,,,0.0308,,,,0.0127,,,0.0113,0.0113,,,,,0.0116,,,,,0.0116,,,,,0.01424692,,,,
EUU,European Union,,,,3.391896393,,,,,,,,,,3.071227087,,,,,,,,,,2.531247441,,,,,,,,,,,,,,,,,,,,,,,,,,,,,
FCS,Fragile and conflict affected situations,,,,0.435862856,,,,,,,,,,0.332526585,,,,,,,,,,0.219081916,,,,,,,,,,,,,,,,,,,,,,,,,,,,,
FIN,Finland,,,,2.905,2.905,2.735,3.319,3.3,,,2.6,2.6,2.6,2.6,2.5,2.4,2.4,2.3,2.2,2.2,2.1,2.1,2.0,2.0,,,,,,,,,,,,,,,,,,,,,,,,,,,,,
FJI,Fiji,,,,0.426,0.426,,,,,,0.4529,,,,0.337,0.357,0.476,,,0.376300007,,0.472299993,,,0.358099997,,,,,,,0.493900001,,0.447899997,,,,,0.475699991,,,,,0.471199989,,,,,,,,,
FRA,France,,3.18,3.381,3.447,,3.497,3.736,3.41,,3.367,3.4,3.3,3.3,3.3,3.3,3.3,3.3,3.2,3.2,3.2,3.2,3.1,3.1,3.1,3.0,2.9,2.8,2.8,2.7,2.5,2.1,2.1,2.0,1.9,1.8,1.7,1.6,1.5,1.5,1.4,1.4,1.3,1.3,1.2,,,,,,,,,
FRO,Faeroe Islands,,,,,,,,,,,,,,,,,,,,,,,,,,,,,,,,,,,,,,,,,,,,,,,,,,,,,
FSM,"Micronesia, Fed. Sts.",,,,0.177,0.177,,,,0.564,,0.55,,,0.598,0.573,,,,,,0.450800002,,,,,,,,,,,,,,,,,,,,,,,,,,,,,,,,
GAB,Gabon,,,,,,,,,,0.292,,,,,,,,,0.289,0.256990999,0.215059996,,,,0.494199991,0.245700002,,,0.518100023,,0.433400005,,0.457199991,,,,,,,,,,,0.190500006,,,,,,,,,
GBR,United Kingdom,,2.79,2.765,2.743,,,,,,,2.2,2.3,2.0,1.9,1.9,1.9,2.3,1.8,1.7,1.7,1.7,1.6,1.6,1.6,1.5,1.5,1.5,1.4,1.4,1.4,1.4,1.3,1.3,1.3,1.3,1.2,1.2,1.2,1.1,1.1,1.1,1.0,1.0,0.9,0.9,0.9,0.9,0.9,0.9,0.9,0.9,0.9,0.9
GEO,Georgia,,4.236,4.243,4.762,,,4.538,4.65,,,4.089,3.907,4.295,4.731,3.768,5.042,5.192,4.457,4.792,4.898900032,5.00330019,4.725500107,4.897600174,4.925600052,4.970600128,4.868400097,4.808000088,4.698699951,4.611000061,4.471300125,4.333000183,4.318699837,4.212100029,4.12319994,4.0,3.950000048,3.809999943,3.720000029,3.630000114,3.47510004,3.400000095,3.319999933,3.299999952,3.200000048,,,,,,,,,
GHA,Ghana,,,,0.096,0.085,0.11,,,,0.15,,0.09,,,,,,0.062,,,,,,,0.043000001,,0.048700001,,,0.067199998,,,,,,,,,0.077500001,,,,,0.077500001,,,,,0.072806232,,,,
GIN,Guinea,,,,0.1,,,,,0.1,0.11,,,,0.094,,,,,0.13,0.152199999,,,,0.134299994,,,,,0.025699999,,,0.021500001,0.022,,,,,,,,,,,0.0197,,,,,0.02178899,,,,
GMB,"Gambia, The",,,,0.038,,0.107,,,,,0.11,,,,,,0.035,,,,0.0163,,,,,,,,0.081100002,,,,,,,,,,0.040100001,,,,,0.040899999,,,,,,,,,
GNB,Guinea-Bissau,,,,0.045,0.07,0.045,,,,0.12,,,,,,,,0.166,,0.176599994,,,,,,,,,0.144400001,,,,,0.141499996,,,,,,,,,,0.0515,,,,,,,,,
GNQ,Equatorial Guinea,,,,,,,,,,0.302,,,,,,,,0.246,0.208,,,,,0.281300008,,,,,,,,,,,,,,,,,,,,0.085900001,,,,,,,,,
GRC,Greece,,,,6.167,,6.043,,5.35,5.0,,,,4.4,4.3,4.2,4.1,4.0,3.9,3.9,3.8,3.8,3.7,3.6,3.4,3.3,3.2,3.3,3.1,2.9,2.9,2.8,2.6,2.5,2.4,2.3,2.3,2.2,2.1,2.0,2.0,1.9,1.7,1.7,1.6,1.6,1.5,1.5,1.4,1.4,1.4,1.3,1.3,1.2
GRD,Grenada,,,,,,,,0.663,,,0.725,,,,,0.9756,0.5,,0.65,,0.577799976,,,0.5,,0.553499997,,,,0.4903,,,,,,,,,,,,,,0.345899999,,,,,,,,,
GRL,Greenland,,,,,,,,,,,,,,,,,,,,,,,,,,,,,,,,,,1.135499954,,,,,,,,,,0.905200005,,,,,,,,,
GTM,Guatemala,,,,,0.932,,,,,,,,,,0.9,,0.933,,1.1,,0.250099987,,,0.779999971,,0.26030001,,,,0.469700009,,,,,,,,,,,,,,0.273699999,,,,,0.271134466,,,,
GUM,Guam,,,,,,,,,,,,,,,1.084,,,,,,,,,,,,,1.18690002,,,,,,,,,,,,,,,,,,,,,,,,,
GUY,Guyana,,,,0.214,,,,,,,,,,0.48,,,0.181,,0.33,,0.1118,,,0.170000002,,,,,0.168400005,0.165000007,,,,,,,,,0.249300003,,,,,0.235499993,,,,,,,,,
HIC,High income,,,,2.976869969,,,,,,,,,,2.811451347,,,,,,,,,,2.319568103,,,,,,,,,,,,,,,,,,,,,,,,,,,,,
HKG,"Hong Kong SAR, China",,,,,,,,,,,,,,,,,,,1.319,1.270799995,1.203799963,,,,,,,0.931800008,,,,,,0.825999975,,,,,0.672200024,,,,,0.662599981,,,,,0.396262199,,,,
HND,Honduras,,,,,,,,,0.372,,,,,0.57,,,0.832,,0.65,,,,0.410699993,0.699999988,,0.829100013,,,,0.690599978,,,0.332399994,,0.33070001,,,,0.268999994,,,,,0.2685,,,,,0.190200448,,,,
HPC,Heavily indebted poor countries (HIPC),,,,0.092934372,,,,,,,,,,0.107381093,,,,,,,,,,0.087068254,,,,,,,,,,,,,,,,,,,,,,,,,,,,,
HRV,Croatia,,3.0,2.842,2.715,,2.661179389,2.59,2.47,2.5,2.4,2.444,2.4,2.374,2.383,2.352,2.288,2.259,2.25,2.036,2.011100054,2.028399944,1.975200057,1.943699956,2.124700069,2.134000063,2.092799902,2.065799952,2.016499996,1.943799973,1.880300045,1.858299971,1.808099985,1.737900019,1.672700047,,,,,,,,,,,,,,,,,,,
HTI,Haiti,,,,,,,,,,,,,,,,0.25,,,0.16,,0.092100002,0.083999999,,0.079999998,,0.142700002,,,0.136999995,0.140799999,,,0.110100001,,,,,,0.080700003,,,,,0.079899997,,,,,0.069756217,,,,
HUN,Hungary,,,2.96,3.408,,3.097,2.783,3.04,,,3.2,3.2,,,3.1,3.1,3.0,3.0,3.0,2.9,2.9,2.9,2.9,2.8,2.7,2.7,2.7,2.6,2.5,2.5,2.4,2.4,2.3,2.3,2.5,2.4,2.3,2.3,2.2,2.2,2.2,2.1,2.1,2.0,2.0,1.9,2.0,1.9,1.9,1.8,1.7,1.7,1.6
IDN,Indonesia,,0.204,,0.288,,,0.288,0.13,,,0.13,,,0.162,,,,,,0.159999996,0.161599994,0.150199994,0.147699997,0.144199997,0.142299995,,,,,,0.106299996,,0.080300003,,0.0854,,,,0.037099998,,,,,0.037300002,,,,,0.031545442,,,,
IMN,Isle of Man,,,,,,,,,,,,,,,,,,,,,,,,,,,,,,,,,,,,,,,,,,,,,,,,,,,,,
IND,India,,0.702,,0.649,0.649,,,,0.599,0.6,,,,,,0.513,,,,,0.406699985,0.479999989,,,,0.406599998,,,,0.396499991,,,0.270000011,0.371199995,,,,,0.204099998,,,,,0.204500005,,,,,0.204917058,,,,
INX,Not classified,,,,,,,,,,,,,,,,,,,,,,,,,,,,,,,,,,,,,,,,,,,,,,,,,,,,,
IRL,Ireland,,2.719,,3.173,,3.187,3.08,2.94,,2.786,2.6,2.4,2.4,2.2,2.3,2.2,2.1,2.1,2.1,2.0,2.0,2.0,,,,,,,,,,,,,,,,,,,,,,,,,,,,,,,
IRN,"Iran, Islamic Rep.",,,,0.89,,,,,0.89,0.45,,,,,,1.049,,0.85,,,0.318300009,,,,,0.318100005,0.375999987,0.346500009,,,,,0.33829999,,,,,,,,,,,0.305799991,,,,,0.256923884,,,,
IRQ,Iraq,,,,0.607,,,0.528,,0.66,0.658,,,0.543,,,0.55,,,,,0.602800012,,,0.602900028,,,0.576399982,0.596099973,,,,,0.568000019,0.563000023,,,,,,,,,,0.308899999,,,,,0.199974924,,,,
ISL,Iceland,,3.476,3.456,3.733,,3.934,,3.77,,3.616,3.6,3.6,3.5,3.4,3.4,3.3,3.3,3.1,3.0,3.0,3.0,3.0,2.8,2.8,2.8,2.7,2.7,2.6,2.6,2.4,2.3,2.3,2.2,2.1,2.0,2.0,1.9,1.9,1.8,1.7,1.6,1.6,1.5,1.4,1.3,1.3,1.2,1.2,1.2,1.2,1.2,1.2,1.2
ISR,Israel,,,3.346,3.65,,,3.633,3.67,,,3.82,,3.91,3.766,3.915,3.775,3.793,3.766,3.736,3.730900049,3.696000099,3.656500101,3.302900076,3.207000017,3.195499897,3.210299969,3.207400084,3.200400114,3.214600086,3.353399992,3.322999954,3.213500023,3.166599989,3.094099998,2.693900108,,,,,,3.304199934,3.155900002,2.974400043,2.881200075,,,,,2.500195026,,,,
ITA,Italy,,,4.092,3.486,3.802,4.242,,3.7,,4.203,4.1,4.4,4.4,4.2,4.2,4.1,4.0,4.1,3.9,3.7,3.8,,,,,,,,,,,,,,,,,,,,,,,,,,,,,,,,
JAM,Jamaica,,,,,,0.411,,,,,0.85,,,,,,1.401,1.401,0.57,,0.472000003,,,0.569999993,,,,,,0.489100009,,,0.358900011,,0.360700011,,,,,,,,,0.379900008,,,,,0.501704574,,,,
JOR,Jordan,,,,2.558,,,2.561,,2.36,2.03,,,2.05,,,,1.66,,,1.625499964,,,1.347800016,,,,,,,1.159399986,,1.128100038,1.114099979,0.786300004,,,,,0.377900004,,,,,0.403800011,,,,,0.369680852,,,,
JPN,Japan,,,,2.297,,2.142,,2.063,,2.12,,2.0,,1.9,,1.9,,1.8,,1.8,,1.7,,1.7,,1.6,,1.5,1.5,1.4,,1.4,1.3,1.3,1.2,1.2,1.2,1.1,1.1,1.1,1.1,1.1,1.1,1.1,1.1,1.0,1.0,1.0,1.0,1.0,1.0,1.0,1.0
KAZ,Kazakhstan,,3.583,3.84,4.099,,3.7,3.877,3.88,3.7,3.6,3.539,3.612,3.302,3.292,3.201,3.528,3.301,3.639,3.635,3.603699923,3.765899897,3.907500029,3.838900089,3.975899935,3.96239996,3.871500015,3.791100025,3.724299908,3.629100084,3.531300068,3.395900011,3.253299952,3.154099941,3.035700083,,,,,,,,,,,,,,,,,,,
KEN,Kenya,,,0.181,,,,,,,0.139,,0.14,,,,,,,0.132,,0.137799993,,,0.0451,,,,,0.154499993,,,0.120200001,0.098999999,,,,,,0.126599997,,,,,0.125,,,,,0.075289771,,,,
KGZ,Kyrgyz Republic,,1.964,2.469,2.301,,,2.301,2.39,,2.5,2.6,2.6,2.679,2.823,2.875,3.01,3.058,3.293,3.208,3.096400023,3.118400097,3.349499941,3.412400007,3.37409997,3.368700027,3.323499918,3.249599934,3.147099972,3.038599968,2.928499937,3.060800076,2.769399881,3.088399887,2.601900101,,,,,,,,,,,,,,,,,,,
KHM,Cambodia,,0.22,,0.23,,0.227,,,,,,,,0.16,0.296,0.297,,,,0.104800001,0.103799999,0.106700003,,,,,,,,,0.058200002,,,,,,,,,,,,,0.061500002,,,,,0.044618141,,,,
KIR,Kiribati,,,,0.376,,,,0.297,,0.23,,,,,,0.296,,,,,0.130099997,0.185800001,0.176100001,0.193499997,,,,0.496600002,,,,,,0.51639998,,,,,,,,,,0.613499999,,,,,,,,,
KNA,St. Kitts and Nevis,,,,,,,,,,,,,1.167,1.0952,,,1.186,,1.07,,,,,0.899999976,,,,,,0.458000004,,,,0.360399991,,,,,,,,,,0.311800003,,,,,,,,,
KOR,"Korea, Rep.",,2.143,,2.024,,1.967,,,,1.71,1.57,1.5,1.4,1.3,1.3,1.3,1.2,1.2,1.1,1.1,1.0,1.0,0.9,0.8,0.8,0.7,0.7,0.6,0.6,0.6,0.5,0.5,0.5,,,,,,,,,,,,,,,,,,,,
KSV,Kosovo,,,,,,,,,,,,,,,,,,,,,,,,,,,,,,,,,,,,,,,,,,,,,,,,,,,,,
KWT,Kuwait,,,,1.793,1.793,,,,1.8,,,,1.525,,,,1.89,,1.783,,,,,0.1831,,,,1.565600038,,,,1.620399952,1.41170001,1.698199987,,,,,,,,,,0.954299986,,,,,1.263269663,,,,
LAC,Latin America & Caribbean (developing only),,,,1.974667159,,,,,,,,,,1.623269582,,,,,,,,,,1.341186326,,,,,,,,,,,,,,,,,,,,,,,,,,,,,
COD,"Congo, Dem. Rep.",,,,,,,,,,0.107,,,,,,,,0.069,,,,,,0.066100001,,,0.074699998,,,,,,,,0.072800003,,,,0.035700001,,,,,0.035300002,,,,,0.028420093,,,,
ZMB,Zambia,,,,0.066,,,,0.055,,0.12,,,,,,,,,0.069,,,,,0.091600001,,,,,0.140900001,,0.139500007,,0.126399994,0.075599998,,,,,0.074199997,,,,,0.073299997,,,,,0.087714441,,,,
ZWE,Zimbabwe,,,,,0.062,,,,,0.16,,0.057,,,,,,,0.139,,,,,0.135399997,,,0.134800002,,0.162499994,,,,0.138500005,0.160899997,,,,,0.157800004,,,,,0.161500007,,,,,0.124799997,,,,
LAO,Lao PDR,,0.182,,0.272,0.187,,,,0.272,0.35,,,,,,,,0.586,,,,,,0.234300003,,,,,0.728799999,,,,,,,,,0.050900001,,,,,,0.066,,,,,0.041118421,,,,
LBN,Lebanon,,,3.2,3.54,3.54,,,3.254,2.36,,,,3.253,,,,2.1,,,,1.862200022,,1.325899959,,1.862400055,,,,,,1.255300045,,1.714300036,,1.692600012,,,,,,,,,0.726000011,,,,,0.937694609,,,,
LBR,Liberia,,,,0.014,,0.014,,,,0.03,,,,,,,0.023,,,,,,,,,,,,,,0.106700003,,0.105800003,,,,,,0.079599999,,,,,0.079400003,,,,,0.08033473,,,,
LBY,Libya,,,,1.9,1.9,,,,,1.25,,,,,,,1.29,,,,1.440799952,,,1.07099998,,,,,,,1.439700007,1.562399983,1.632699966,1.333199978,,,,,,,,,,0.368099988,,,,,0.258780032,,,,
LCA,St. Lucia,,,,,,,,,,,,0.473,,,5.17,,0.473,,0.56,,0.54400003,,0.393299997,0.349999994,,,,,,0.284799993,,,,,,,,,,,,,,0.187399998,,,,,,,,,
LCN,Latin America & Caribbean (all income levels),,,,1.953689999,,,,,,,,,,1.622019978,,,,,,,,,,1.348561668,,,,,,,,,,,,,,,,,,,,,,,,,,,,,
LCR,Latin America and the Caribbean,,,,,,,,,,,,,,,,,,,,,,,,,,,,,,,,,,,,,,,,,,,,,,,,,,,,,
LDC,Least developed countries: UN classification,,,,0.190934482,,,,,,,,,,0.135382048,,,,,,,,,,0.088333823,,,,,,,,,,,,,,,,,,,,,,,,,,,,,
LIC,Low income,,,,0.209218493,,,,,,,,,,0.154185366,,,,,,,,,,0.119322957,,,,,,,,,,,,,,,,,,,,,,,,,,,,,
LIE,Liechtenstein,,,,,,,,,,,,,,,,,,,,,,,,,,,,,,,,,,,,,,,,,,,,,,,,,,,,,
LKA,Sri Lanka,,,,0.68,,,,0.492,,0.55,,,,0.428,0.365,,,,,0.230299994,0.1461,,,,0.1461,,,0.137600005,0.181299999,,,0.134000003,0.1338,0.139400005,,,,,0.169499993,,,,,0.169400007,,,,,0.171891794,,,,
LMC,Lower middle income,,,,0.789093267,,,,,,,,,,0.644492616,,,,,,,,,,0.587902417,,,,,,,,,,,,,,,,,,,,,,,,,,,,,
LMY,Low & middle income,,,,1.177812152,,,,,,,,,,1.030827837,,,,,,,,,,0.937815481,,,,,,,,,,,,,,,,,,,,,,,,,,,,,
LSO,Lesotho,,,,,,,,,,,0.049,,,,,,,,0.054,,0.0504,,,0.043000002,,,,,0.071000002,,,,,,,,,,0.0319,,,,,0.031800002,,,,,0.048289739,,,,
LTU,Lithuania,,4.116,,3.641,,3.664,4.034,3.95,,,3.973,,4.027,4.01,4.151,4.12,4.128,4.099,4.061,4.091100216,3.977600098,3.927999973,3.904900074,4.02699995,3.976599932,3.941200018,3.885099888,3.816499949,3.720099926,,,,,,,,,,,,,,,,,,,,,,,,
LUX,Luxembourg,,2.824,2.779,2.766,,,2.862,,2.852,2.73,2.7,2.6,2.5,2.5,2.5,2.4,2.4,2.3,2.2,2.2,2.1,2.1,2.0,2.0,2.0,1.9,1.8,1.9,1.8,1.7,1.7,1.7,1.5,1.7,1.6,1.5,1.3,1.3,1.3,1.2,1.2,1.2,1.2,1.1,1.1,1.1,1.0,1.0,1.0,1.0,1.0,1.0,1.0
LVA,Latvia,,,2.878,2.899,,,3.039,3.14,,,3.008,,2.914,3.204,3.177,3.061,2.96,2.994,2.976,3.060199976,3.197499991,3.601700068,4.046299934,4.1177001,4.162000179,4.183300018,4.111800194,4.0770998,4.099100113,,,,,3.622999907,,,,,,,,,,,,,,,,,,,
MAC,"Macao SAR, China",,,,,,,,,,,,,,,,,,,,,,,,,,,1.56190002,2.427900076,,,,,1.122499943,1.067499995,,,,,,,,,,0.633899987,,,,,,,,,
MAF,St. Martin (French part),,,,,,,,,,,,,,,,,,,,,,,,,,,,,,,,,,,,,,,,,,,,,,,,,,,,,
MAR,Morocco,,,,0.62,0.62,,0.564,,,0.51,,,0.483,,,,0.46,,,0.362800002,0.214399993,,,,,0.214300007,0.217199996,,,,,0.064499997,0.0539,,,,,,0.076300003,,,,,0.076399997,,,,,0.082488932,,,,
MCA,Mexico and Central America,,,,,,,,,,,,,,,,,,,,,,,,,,,,,,,,,,,,,,,,,,,,,,,,,,,,,
MCO,Monaco,,7.167,7.056,,,,,,,,,,,,,,,,5.81,,,3.0,,,2.85710001,,,,,,,2.185199976,2.230799913,2.384599924,2.359999895,2.319999933,2.400000095,2.416699886,2.359999895,2.375,2.25,2.208300114,1.958299994,2.400000095,,,,,,,,,
MDA,Moldova,,2.859,3.643,2.677,,,2.668,2.66,,,2.636,,2.694,3.18,3.245,3.631,3.582,3.562,3.513,3.56430006,3.555399895,3.509599924,3.484100103,3.550199986,3.573400021,3.520400047,3.443599939,3.370300055,3.296700001,3.193200111,3.08920002,3.006900072,2.895299911,2.815599918,,,,,,,,,,,,,,,,,,,
MDG,Madagascar,,,,0.161,,,0.161,,,0.29,,0.14,0.087,,,,,0.107,0.272,,,,,0.1197,,,,,0.100900002,,,,0.099399999,,,,,,0.096299998,,,,,0.097199999,,,,,0.092966057,,,,
MDV,Maldives,,,,1.415,,,1.595,,,0.92,,,,0.777,,,,,0.4,,0.191400006,,,0.069799997,0.072400004,,,,,,,0.065499999,0.0491,,,,,,,,,,,0.033100002,,,,,,,,,
MEA,Middle East & North Africa (all income levels),,,,1.475924411,,,,,,,,,,1.307853276,,,,,,,,,,0.681789045,,,,,,,,,,,,,,,,,,,,,,,,,,,,,
MEX,Mexico,,,2.095,1.959,1.959,,,,,2.893,1.5,1.5,1.5,1.98,1.7,1.2,1.4,1.6,1.6,1.5,1.4,1.3,1.1,1.0,,,,,,,,,,,,,,,,,,,,,,,,,,,,,
MHL,Marshall Islands,,,,0.438,,0.559,,,,,,,,0.47,,,,0.422,,,,,,,,,,,,,,,,,,,,,,,,,,,,,,,,,,,
MIC,Middle income,,,,1.312163245,,,,,,,,,,1.14167973,,,,,,,,,,1.035700503,,,,,,,,,,,,,,,,,,,,,,,,,,,,,
MKD,"Macedonia, FYR",,,,2.627,2.624,2.627,,2.5463,,,,,2.191,2.201,2.211,2.246,2.249,2.251,2.297,2.315099955,2.342900038,2.371000052,2.342400074,2.167700052,2.139699936,2.032900095,1.951900005,1.901100039,1.808500051,1.671300054,1.67869997,1.494799972,1.466099977,1.343600035,1.310799956,1.238100052,1.158100009,1.113899946,1.120800018,1.025400043,1.012300014,0.953499973,0.918900013,0.890200019,,,,,,,,,
MLI,Mali,,,,0.083,,0.049,0.074,,,0.08,,,,0.044,,,,0.063,0.043,0.046999998,,,,0.051399998,,0.054400001,0.0425,,0.0394,,,,0.0385,0.039299998,,,,,0.023399999,,,,,0.022700001,,,,,0.019415449,,,,
MLT,Malta,,3.495,3.226,3.112,,,3.351,3.88,,,3.183,,2.926,2.654,2.591,2.607,2.465,,,,2.452526093,2.421799898,2.446199894,2.259200096,1.973199964,2.015000105,2.031899929,,,1.379500031,,1.266100049,1.171900034,,,,,,1.276299953,,,,1.026100039,1.07190001,,,,,,,,,
MMR,Myanmar,,0.612,,0.501,,0.457,,,,0.36,,,,0.302,0.297,,,,0.293,,,,,0.078400001,0.0814,,,,0.269899994,,,,0.202700004,,,,,,,,,,,0.114399999,,,,,0.084941439,,,,
MNA,Middle East & North Africa (developing only),,,,1.42169409,,,,,,,,,,1.227778649,,,,,,,,,,0.573345284,,,,,,,,,,,,,,,,,,,,,,,,,,,,,
MNE,Montenegro,,,1.979,2.026,,,1.986,2.03,,,,,,,,,,,,,,,,,,,,,,,,,,,,,,,,,,,,,,,,,,,,,
MNG,Mongolia,,,,2.763,,2.763,,,,,,2.63,,,2.54,2.433,,,,,,2.618000031,2.694900036,2.538399935,,,,,,,,9.532099724,9.81400013,,,,,,,,,,,1.729300022,,,,,1.377513766,,,,
MNP,Northern Mariana Islands,,,,,,,,,,,,,,,0.445,,,,,,,,,,,,,,,,,,,,,,,,,,,,,,,,,,,,,,
MOZ,Mozambique,,0.04,,0.026,,0.026,,0.027,,0.03,,,,0.024,,,,,,,,,,0.012179,0.0276,,,,0.0206,,,0.0264,0.027000001,0.0255,,,,,,,,,,0.052999999,,,,,0.056008637,,,,
MRT,Mauritania,,,,0.13,0.13,,,,,0.11,,,,,,,,,0.138,,0.0634,,,0.062700003,,,,,0.113300003,0.082500003,,,,,,,0.068800002,,0.055399999,,,,,0.0557,,,,,0.027372263,,,,
MUS,Mauritius,,,,,,,,,,1.057,,,,,,,,,0.85,0.845499992,0.844099999,0.84740001,0.835099995,0.810800016,0.85799998,,,,0.528500021,,,,0.551500022,0.520699978,,,,,0.235400006,,,,,0.239700004,,,,,0.254980087,,,,
MWI,Malawi,,,,0.019,0.019,0.019,,,,0.02,0.011,,,,,,,,,,0.027799999,,,0.0219,0.022600001,,,,,0.087399997,,,0.0185,,,,,,,,,,,0.0131,,,,,0.021132076,,,,
MYS,Malaysia,,,,1.198,,0.941,,,,,,0.71,,0.702,0.683,,0.658,0.496,0.478,0.449200004,0.430999994,0.41139999,0.392800003,0.391900003,0.373800009,0.366600007,0.348399997,0.334600002,0.314999998,,,,0.255199999,0.255299985,,,,,0.233500004,,,,,0.231999993,,,,,0.161229208,,,,
NAC,North America,,,,2.413966721,,,,,,,,,,2.514769544,,,,,,,,,,1.830053638,,,,,,,,,,,,,,,,,,,,,,,,,,,,,
NAM,Namibia,,,,0.374,,,0.374,,,0.3,,,,,,,0.295,,,,,0.231600002,0.231399998,,,,,,,,,,,,,,,,,,,,,,,,,,,,,,
NCL,New Caledonia,,,,,,,,,,,,,,,1.982,,,,,,,,,,,,,,,,0.653400004,,,,,,,,,,,,,,,,,,,,,,
NER,Niger,,,,0.019,,0.019,,,,0.02,,0.033,,,,0.033,0.035,0.024,,0.022500001,,0.0272,,0.0184,,,,,,0.0251,,,,,,,,,0.0164,,,,,0.0166,,,,,0.015737161,,,,
NGA,Nigeria,,,,0.395,0.408,0.395,,,,,0.28,,,0.269,,,,,,,0.192000002,0.185000002,,,0.192000002,,,0.186700001,0.192399994,,,0.149000004,,0.112999998,,,,,0.0495,,,,,0.0504,,,,,0.042609483,,,,
NIC,Nicaragua,,,,,,,,,,,0.374,,,,,,0.856,,0.82,,,,,0.657100022,,0.471300006,,,,0.636900008,,,0.425500005,0.415600002,,,,,0.459600002,,,,,0.452699989,,,,,0.378109455,,,,
NLD,Netherlands,,,,2.859,,2.859,3.921,,3.71,,3.1,3.1,3.3,3.2,3.1,2.9,,,,,,,2.6,2.5,2.4,2.4,2.4,2.3,2.2,2.2,2.1,2.0,2.0,1.9,1.8,1.8,1.7,1.7,1.6,1.5,1.4,1.4,1.3,1.2,1.2,1.2,1.2,1.2,1.2,1.1,1.1,1.1,1.1
NOC,High income: nonOECD,,,,3.562436924,,,,,,,,,,3.656864621,,,,,,,,,,3.342443704,,,,,,,,,,,,,,,,,,,,,,,,,,,,,
NOR,Norway,,,3.739,4.159,4.159,4.076,3.889,3.77,,,3.1,3.1,3.0,2.9,2.8,2.7,2.5,2.8,2.8,2.7,2.6,2.6,2.6,,,,2.5,2.3,2.2,2.2,2.1,2.1,2.0,2.0,1.9,1.9,1.9,1.8,1.7,1.7,1.6,1.5,1.5,1.4,1.4,1.4,1.3,1.3,1.3,1.2,1.1,1.2,
NPL,Nepal,,,,,,,,,,0.209,,,0.052,,,0.04,0.04,0.04,0.04,,0.073700003,0.0757,0.062100001,0.050700001,0.0537,0.050799999,0.050999999,,0.0341,0.031399999,,,,0.033500001,,,,,0.018999999,,,,,0.0186,,,,,0.020759962,,,,
NZL,New Zealand,,,,2.735,,,2.384,,,,2.2,2.13,2.2,2.2,2.2,2.2,2.2,2.0,2.0,2.0,1.9,1.9,1.9,1.9,1.9,1.9,1.8,1.8,1.7,1.7,1.7,1.6,1.6,1.6,1.5,1.4,1.4,1.3,,,1.2,,1.1,,,,,1.1,,,,,1.1
OEC,High income: OECD,,,,2.859236309,,,,,,,,,,2.642330989,,,,,,,,,,2.053151871,,,,,,,,,,,,,,,,,,,,,,,,,,,,,
OED,OECD members,,,,2.720625491,,,,,,,,,,2.513536756,,,,,,,,,,1.902900011,,,,,,,,,,,,,,,,,,,,,,,,,,,,,
OMN,Oman,,,2.223,2.048,,1.901,1.84,,1.67,1.319,,1.257,,,,1.33,1.3,,,,0.884199977,,,0.610899985,0.883099973,,0.833500028,,0.523299992,,,0.549099982,,0.466800004,,,,,0.1074,,,,,0.107900001,,,,,0.038034864,,,,
OSS,Other small states,,,,,,,,,,,,,,,,,,,,,,,,0.309625633,,,,,,,,,,,,,,,,,,,,,,,,,,,,,
PAK,Pakistan,,,,0.827,0.813,,0.777,,0.8,0.739,,,0.662,,,,0.57,,,0.595399976,0.518100023,0.503099978,0.479699999,0.461800009,,,,0.351399988,,,,0.342299998,0.343699992,0.2852,,,,,0.232600003,,,,,0.231999993,,,,,,,,,
PAN,Panama,,,1.554,,,,,,,,,,,1.502,,,,1.17,1.668,,1.779399991,,,1.639999986,,1.793300033,,,1.006000042,1.020799994,,,0.992999971,,,,,,0.596599996,,,,,0.613499999,,,,,0.47812739,,,,
PER,Peru,,1.132,,0.92,0.92,,,,,,,,,,1.17,,0.932,,0.98,,,1.029999971,,1.064499974,1.034800053,0.965200007,0.983399987,0.984099984,0.928600013,0.907500029,0.90170002,0.846300006,0.760100007,0.715799987,0.691799998,,,,0.526300013,,,,,0.520699978,,,,,0.604517281,,,,
PHL,Philippines,,,,,,,,,,1.153,,1.15,,0.585,,,1.24,1.23,,,,0.108400002,,0.118699998,0.124200001,,,,0.153600007,0.153600007,,,0.149900004,0.128199995,,,,,0.1127,,,,,0.110799998,,,,,,,,,
PLW,Palau,,,,1.381,,,,1.3,,,,,,1.58,,1.111,,,,,,,,,,,,,,,,,,,,,,,,,,,,,,,,,,,,,
PNG,Papua New Guinea,,,,0.053,,0.053,,,,,,,,0.05,,0.073,,,,,,,,0.072700001,,,,,0.162200004,,,,0.062199999,0.062199999,,,,,0.0854,,0.0561,,,0.085900001,,,,,0.07914339,,,,
POL,Poland,,,2.199,2.068,,2.144,,2.012,1.97,,2.5,2.3,2.3,2.2,2.3,2.3,2.4,2.4,2.3,2.3,2.2,2.2,2.2,2.1,2.1,2.1,2.1,2.0,2.0,1.9,1.9,1.8,1.8,1.8,1.7,1.7,1.7,1.6,1.6,1.6,1.5,1.5,1.5,1.4,1.4,1.4,1.3,1.3,1.2,1.2,1.1,1.1,1.0
PRI,Puerto Rico,,,,,,,,,,,,,,,,,,,1.75,,,,,,,,,,,,,,,,,,,,,,,,,,,,,,,,,,
PRK,"Korea, Dem. Rep.",,,,,,,,,,,3.291,,,,,,,,2.97,,,,,,,,,,,,2.511100054,2.549099922,,,,,,,,,,,,,,,,,,,,,
PRT,Portugal,,,,3.868,,,,,3.44,,3.3,3.3,3.2,3.2,3.1,3.1,3.0,3.0,2.9,2.9,2.9,2.9,2.8,2.8,2.8,2.7,2.6,2.6,2.5,2.4,2.3,2.2,2.1,2.0,1.9,1.7,1.5,1.3,1.2,1.2,1.1,1.0,1.0,0.9,0.9,1.0,0.9,0.9,0.9,0.8,0.8,0.9,0.8
PRY,Paraguay,,,,,,,,,,,,1.107,,1.17,,,1.098,,0.73,0.280099988,,,0.812699974,0.649999976,,0.639699996,,,0.675000012,0.700600028,,,0.578599989,,0.563199997,,,,0.438899994,,,,,0.435299993,,,,,0.532916844,,,,
PSS,Pacific island small states,,,,0.353441191,,,,,,,,,,0.365510077,,,,,,,,,,0.276162809,,,,,,,,,,,,,,,,,,,,,,,,,,,,,
PYF,French Polynesia,,,,,,,,,,,,,,1.697,,,,,,,,,,,,,,,1.25150001,,,,,,,,,,,,,,,,,,,,,,,,
QAT,Qatar,,,,7.739,,,,2.757,2.64,,,,2.217,,,,1.26,1.26,,,,,,1.5,,,,1.675600052,,,,,0.737900019,,,,,,,,,,,0.513499975,,,,,,,,,
ROU,Romania,,,2.386,2.385,,,,1.9166,,,1.905,,1.887,1.889,1.909,1.836,1.791,1.81,1.768,1.764799953,1.769500017,1.86590004,1.815899968,1.801800013,1.811499953,1.805199981,1.789800048,1.783499956,1.762400031,1.723899961,1.97239995,1.634699941,1.540799975,1.475700021,1.413499951,1.376999974,1.355200052,1.332100034,1.318099976,,1.2421,,1.207599998,1.184999943,,,,,1.315814376,,,,
RUS,Russian Federation,,,,4.3089,,,,4.309,4.0,4.0,4.252,4.0,4.172,4.213,4.194,4.209,4.155,4.096,3.859,3.835099936,3.972300053,3.871700048,4.045599937,4.070400238,4.085199833,4.039700031,4.004199982,3.938999891,3.870899916,,,,,,,,,,,,,,,,,,,,,,,,
RWA,Rwanda,,,,0.056,,,,,0.024,0.05,,0.019,,,,,,,,,0.040100001,,,,0.040100001,,,,0.026900001,,0.0287,,0.0309,0.031800002,,,,,0.0167,,,,,0.0166,,,,,0.013823437,,,,
SAS,South Asia,,,,0.67385071,,,,,,,,,,0.487579508,,,,,,,,,,0.433685821,,,,,,,,,,,,,,,,,,,,,,,,,,,,,
SAU,Saudi Arabia,,,,0.939,0.767,0.939,1.622,,,1.37,,,1.397,,,,1.66,,,,1.335100055,,,1.433400035,,,,1.345600009,,,,,0.549600005,,,,,,,,,,,0.134000003,,,,,0.106405184,,,,
SCE,Southern Cone Extended,,,,,,,,,,,,,,,,,,,,,,,,,,,,,,,,,,,,,,,,,,,,,,,,,,,,,
SDN,Sudan,,,,0.28,,0.28,,0.3,,0.22,,,,0.158,,,,0.09,,0.104800001,,,,,,,,0.089900002,,0.096199997,,,0.1008,0.109899998,,,,,0.068499997,,,,,0.068300001,,,,,0.041190289,,,,
SEN,Senegal,,,,0.059,,0.059,,,,0.06,,,,,,0.095,0.093,0.093,0.075,0.095600002,,0.067599997,,0.054900002,,,,,,,,0.0766,0.0788,,,,,,0.0614,,,,,0.063299999,,,,,0.051296193,,,,
SGP,Singapore,,,,1.921,,,,,,,1.5,,1.4,,1.348,1.627,,,,1.410599947,1.384799957,1.347800016,1.320299983,1.265799999,,1.110999942,,0.72299999,0.998199999,,,,0.876800001,0.850899994,,,,,0.666800022,,,,,0.656899989,,,,,0.526232123,,,,
SLB,Solomon Islands,,,,0.224,0.224,,,,0.186,,0.13,,,,0.127,,,,0.14,,,0.156900004,,,0.151999995,,,0.135199994,,,,,,,,,,,,,,,,0.204999998,,,,,,,,,
SLE,Sierra Leone,,,,0.022,,0.016,,,,0.03,,,,,,,,0.073,,,,,,,,,,,,0.074699998,,,0.052700002,0.057799999,,,,,0.0539,,,,,0.0561,,,,,0.059283655,,,,
SLV,El Salvador,,,,1.596,,1.596,,1.5,,,,1.24,,1.211,,,1.071,,0.91,,0.660099983,,,0.839999974,,0.647300005,,,,0.351700008,,,0.386500001,0.325599998,,,,,0.241999999,,,,,0.243200004,,,,,,,,,
SMR,San Marino,,5.133,4.883,,,,,,,,,,,,,,,,,,,,,47.35,2.423000097,2.538000107,2.519000053,2.398999929,2.286999941,2.165999889,2.246999979,2.180999994,2.217999935,2.059999943,,,,,,,,,,,,,,,,,,,
SOM,Somalia,,,,0.035,,,,0.035,,,,,,,,,0.04,,,,0.042199999,,,,,,,,,0.071400002,,,0.041000001,0.046100002,,,,,0.037999999,,,,,0.036699999,,,,,0.027103687,,,,
SRB,Serbia,,,,2.112,2.114,,2.035,1.99,,,,,,,,,,,,,,,,,,,,,,,,,,,,,,,,,,,,,,,,,,,,,
SSA,Sub-Saharan Africa (developing only),,,,0.199537078,,,,,,,,,,0.169465868,,,,,,,,,,0.136856097,,,,,,,,,,,,,,,,,,,,,,,,,,,,,
SSD,South Sudan,,,,,,,,,,,,,,,,,,,,,,,,,,,,,,,,,,,,,,,,,,,,,,,,,,,,,
SSF,Sub-Saharan Africa (all income levels),,,,0.199537078,,,,,,,,,,0.169465868,,,,,,,,,,0.1369793,,,,,,,,,,,,,,,,,,,,,,,,,,,,,
SST,Small states,,,,0.460502201,,,,,,,,,,,,,,,,,,,,0.411973726,,,,,,,,,,,,,,,,,,,,,,,,,,,,,
STP,Sao Tome and Principe,,,,,,,,,,0.491,,,,,,,,0.467,,,,0.327899993,,0.530399978,0.545799971,,,,,,0.537,,0.41870001,0.438199997,,,,,,,,,,0.232899994,,,,,,,,,
SUR,Suriname,,,,,,,,,,0.911,,,,0.45,,,,0.252,0.75,,0.762000024,,,0.75,,,,,,0.790899992,,,,,,,,,,,,,,0.46509999,,,,,,,,,
SVK,Slovak Republic,,,,3.0,,,3.0,,,3.12,3.1,3.1,3.1,3.2,,,,,,,,,,,,,,,,,,,,,,,,,,,,,,,,,,,,,,,
SVN,Slovenia,,,2.516,2.542,,2.473,,2.424,2.4,,,2.253,2.194,2.17,2.135,2.178,2.147,2.135,2.121,2.189500094,2.030299902,2.090699911,2.07859993,1.990100026,2.063199997,2.023600101,2.004400015,1.882099986,1.879199982,1.861099958,,1.842599988,,1.771000028,,,,,,,,,,,,,,,,,,,
SWE,Sweden,,,,3.77,3.868,3.77,3.265,3.583,,3.28,,3.3,3.2,3.1,3.0,3.0,2.9,2.9,2.9,2.8,2.7,2.7,,2.9,2.8,2.8,2.8,2.8,2.6,2.6,2.4,2.3,2.3,2.2,2.0,2.0,1.9,1.8,1.7,1.6,1.5,1.5,1.4,1.3,1.3,1.2,1.2,1.1,1.1,1.1,1.0,1.0,1.0
SWZ,Swaziland,,,,,0.17,,,,,0.16,,,,0.176,,,,0.151,,,,,,0.107799999,,,,,,,0.053199999,,,,,,,,,,,,,0.1241,,,,,,,,,
SXM,Sint Maarten (Dutch part),,,,,,,,,,,,,,,,,,,,,,,,,,,,,,,,,,,,,,,,,,,,,,,,,,,,,
SYC,Seychelles,,,,,,,,,,1.513,,,,,,,,1.324,,,1.027400017,,5.788700104,,,,,,0.445100009,,0.406800002,,,,,,,,0.218099996,,,,,0.223900005,,,,,,,,,
SYR,Syrian Arab Republic,,,,1.5,,1.5,,0.53,,,,,1.399,,1.3,1.44,1.1,,,,,,,0.834800005,0.862999976,,0.783399999,0.806599975,,,,,0.463,0.445800006,,,,,0.256399989,,,,,0.25940001,,,,,0.185164317,,,,
TCA,Turks and Caicos Islands,,,,,,,,,,,,,,,,,,,,,,,,,,,,,,,,,,,,,,,,,,,,,,,,,,,,,
TCD,Chad,,,,,,,,0.037,,0.04,,,0.025,,,,,,,0.033,,,,,0.0262,,,0.0263,,,,,,,,0.0211,,,,,,,,0.0162,,,,,0.01379724,,,,
TGO,Togo,,,,0.053,,0.053,,,,0.04,,,0.057,,,,,,0.076,0.056400001,,,0.087800004,,,,,0.085299999,,0.117399998,,,0.048599999,0.055199999,,,,,0.034899998,,,,,0.0348,,,,,0.042761147,,,,
THA,Thailand,,,,0.393,,0.316,0.334,0.313,0.293,0.298,0.277,0.271,0.294,0.285,0.291,0.291,0.272,0.269,0.238,0.238,0.233099997,0.233700007,0.226600006,0.225299999,0.232800007,0.209700003,0.181400001,0.1822,0.169100001,0.159999996,0.159500003,,0.145500004,0.147,,,,,0.119099997,,,,,0.120700002,,,,,0.139682129,,,,
TJK,Tajikistan,,,1.899,2.101,,,,2.0128,,,2.033,,2.18,2.13,2.102,2.086,2.023,2.086,2.136,2.254100084,2.176700115,2.265700102,2.419199944,2.550899983,2.678200006,2.697099924,2.582299948,2.555900097,2.527400017,,,,,,,,,,,,,,,,,,,,,,,,
TKM,Turkmenistan,,,,2.389,,,2.438,2.49,,,,4.179,,,,,3.171,3.222,3.17,3.53489995,3.5697999,3.588700056,3.672800064,3.613699913,3.59980011,3.550199986,3.527400017,3.440000057,3.30430007,,,,,2.838799953,,,,,,,,,,,,,,,,,,,
TLS,Timor-Leste,,,0.073,,,,,,,0.096,,,,,,,,,,,,,,,,,,,,,,,,,,,,,,,,,,,,,,,,,,,
TON,Tonga,,,,0.563,,,,,,,,0.2912,0.343,0.499,,,0.44,,,,,,0.508300006,,0.4921,,,,,,,0.5995,0.602199972,0.361699998,,,,,,,,,,0.255800009,,,,,,,,,
TTO,Trinidad and Tobago,,,,1.175,,,1.175,,,,,,,,,,0.79,,0.79,0.787999988,0.657700002,,0.731599987,0.720000029,,,,,,1.043300033,,,0.672999978,0.726400018,,,,,0.453599989,,,,,0.444900006,,,,,0.262276798,,,,
TUN,Tunisia,,,,1.222,,,,,,1.34,,,,,,,0.7,,0.663,0.567300022,0.650600016,0.645399988,0.536899984,0.528299987,,,,0.460900009,,,,,0.274599999,0.270700008,,,,,0.169499993,,,,,0.168500006,,,,,0.125054002,,,,
TUR,Turkey,,,1.711,1.538,,1.451,,1.56,1.3,1.3,1.4,1.4,1.3,1.3,1.2,1.2,1.2,1.1,1.1,1.1,1.0,1.0,1.0,0.9,0.9,0.8,0.7,0.7,0.7,0.7,0.7,0.7,0.6,0.6,0.6,0.6,0.6,0.6,0.5,0.5,0.5,0.5,0.5,0.4,0.4,0.4,0.4,0.4,0.4,0.3,0.4,0.4,0.3
TUV,Tuvalu,,,,1.091,1.091,0.636,,,,,0.91,0.5454546,,,,,,,,,,,,,,,,,,,,,,,,,,,,,,,,,,,,,,,,,
TZA,Tanzania,,,,0.008,,,,0.008,,,,0.02,,,,,,,0.041,0.041900002,,,,,,,0.038800001,,0.035399999,0.038899999,,,,,,,,,0.044300001,,,,,0.043699998,,,,,0.04532722,,,,0.039539363
UGA,Uganda,,,,0.117,,,,,0.117,0.08,,0.047,,,,,,,,,0.039999999,,,,0.044599999,,,,,0.044100001,,0.0458,0.046700001,,,,,,0.107500002,,,,,0.108499996,,,,,0.09021996,,,,
UKR,Ukraine,,3.531,3.517,3.246,,,,3.1254,,,2.951,,2.974,2.978,2.986,2.99,2.97,2.992,4.407,4.314199925,4.341800213,4.297100067,4.345200062,4.289500237,4.274600029,4.200300217,4.143000126,4.060200214,4.001999855,3.909199953,3.820100069,3.740700006,3.630899906,3.514600039,,,,,,,,,,,,,,,,,,,
UMC,Upper middle income,,,,1.834533757,,,,,,,,,,1.614894729,,,,,,,,,,1.436176126,,,,,,,,,,,,,,,,,,,,,,,,,,,,,
URY,Uruguay,,,,3.736,,3.736,4.181,,,,,3.65,,,3.745,,,3.703,3.56,,,3.226000071,,3.680000067,,,,,1.94749999,1.925699949,,,1.996600032,,,,,,1.111299992,,,,,1.093299985,,,,,1.136279225,,,,
USA,United States,,,2.452,2.422,2.422,,,,,2.672,,2.3,2.2,2.56,2.2,2.1,2.1,2.0,2.0,,1.9,1.9,1.9,1.8,1.8,1.8,1.8,1.7,1.7,,1.6,1.6,1.5,1.5,1.4,1.4,1.3,1.3,1.3,,,,,1.2,,,,,1.2,,,,
UZB,Uzbekistan,,2.381,,2.539,,,2.617,,2.65,,2.745,,2.885,2.946,2.975,3.085,3.115,3.171,3.239,3.295000076,3.337800026,3.321000099,3.424999952,3.387500048,3.38560009,3.363500118,3.319200039,3.254600048,2.694400072,,,,,2.669100046,,,,,,,,,,,,,,,,,,,
VCT,St. Vincent and the Grenadines,,,,,,,,,,,,,0.525,0.7542,,,0.871,,0.46,,,,0.134599999,0.460000008,,,,,,0.266299993,,,,,,,,,,,,,,0.181799993,,,,,,,,,
VEN,"Venezuela, RB",,,,,,,,,,,,,1.939,,,,2.029,,1.94,,,,,1.564399958,1.6954,1.599699974,1.401100039,1.399199963,1.196200013,1.435799956,,0.833299994,0.995700002,0.829599977,,,,0.903999984,0.904200017,0.904200017,,,,0.883400023,,,,,0.815152824,,,,
VIR,Virgin Islands (U.S.),,,,,,,,,,,,,,,,,,,1.645,,,,,1.649999976,,,,,,,,,,,,,,,,,,,,,,,,,,,,,
VNM,Vietnam,,,1.159,1.224,,1.224,,,,,,0.56,0.534,,0.515,0.48,0.569,,,,,0.43720001,0.406599999,0.403899998,0.390899986,,,1.055999994,,,,,0.246999994,0.240899995,,,,,,,,,,,,,,,,,,,
VUT,Vanuatu,,,,0.116,,0.116,,,,0.14,,,,,,,0.11,,,,,,0.099,,0.125400007,,,0.203799993,,,,,0.188600004,0.191200003,,,,,,,,,,0.301200002,,,,,,,,,
PSE,West Bank and Gaza,,,,,,,,,,,,,0.837,,,0.5,,,,,,,,,,,,,,,,,,,,,,,,,,,,,,,,,,,,,
WLD,World,,,,1.521895639,,,,,,,,,,1.389119472,,,,,,,,,,1.218304252,,,,,,,,,,,,,,,,,,,,,,,,,,,,,
WSM,Samoa,,,,0.479,,0.452,,,0.27,,0.28,,,,0.702,0.33,,0.344,,,,0.36469999,,,0.207399994,,,0.279500008,,,,,0.404300004,0.361299992,,,,,,,,,,0.350100011,,,,,,,,,
YEM,"Yemen, Rep.",,,,0.197,,,,,,0.33,,,0.219,,,0.2,,0.23,0.247,,,,,0.007,,,,,0.171299994,,,,0.144700006,,,,,,,,,,,0.0287,,,,,0.031661816,,,,
ZAF,South Africa,776,,0.758,,,,,,,0.77,,,0.692,,,,,0.593,,,,0.624300003,,,,,0.612600029,,,,,,,,,0.551199973,,,0.538600028,,,,,,,,,,0.487948775,,,,
